SegmentGroup,NumberOfActiveUsers,NumberOfPayers,NumberOfGoldenSpinPayers,NetRevenue,NetRevenueGoldenSpin,PayerConversionRate,GoldenSpinContribution
Control,55752800,952900,81186,12224396.0,131454.0,0.017091518273521688,0.010753414729038555
Test,23894071,396718,68317,4707441.7051473,133303.7327055,0.01660319834154674,0.02831765979379851
